{"cameraMode":{"drawMode":0,"name":"Shaded","section":"Shading Mode"},"sceneLighting":true,"audioPlay":false,"sceneViewState":{"showFog":true,"showMaterialUpdate":false,"showSkybox":true,"showFlares":true,"showImageEffects":true,"showParticleSystems":true},"in2DMode":false,"pivot":{"x":52.969573974609378,"y":-26.7232666015625,"z":-60.69028854370117},"rotation":{"x":-0.1322506219148636,"y":-0.834892749786377,"z":0.22864727675914765,"w":-0.48290950059890749},"size":113.48912048339844,"orthographic":false}